seriesX,seriesY,correlation,spread_adf_stat,spread_adf_pValue,spread_stationary,series_coint_stat,series_coint_pValue,series_cointegrated
AAPL,AMZN,0.7005522150577427,-0.8557775787972098,0.8021866076706896,False,-0.8034423635389921,0.9342499197940557,False
AAPL,AVGO,0.6428820733370475,-0.4105128449888918,0.9083286560452395,False,-0.8360491817432527,0.929798855215262,False
AAPL,BRK.B,-0.21227592758602454,-2.2425195907986213,0.1911766474404068,False,-1.3780153744662684,0.8049495607732384,False
AAPL,DJIA_ETF,0.10582164397962641,-1.6594192138926285,0.4521327755431753,False,-1.0870376831329023,0.8850576174973004,False
AAPL,GOOG,0.620361536735542,-0.5489883128533701,0.882097099525446,False,-0.7208724989954962,0.944338731690514,False
AAPL,GOOGL,0.6202271784677391,-0.5357306585831761,0.884853296440024,False,-0.7201944662577677,0.9444149614953564,False
AAPL,META,0.6743434493609568,-2.131510534098647,0.23203423353502317,False,-1.6568946842841639,0.69628954411044,False
AAPL,MSFT,0.7260327784277054,-2.6430696500540094,0.08441828715240712,False,-2.0261648497663747,0.5149530787258285,False
AAPL,NVDA,-0.34297151614117327,-3.3745075676955447,0.011859219076883332,True,-1.8585986745707301,0.6008473981783118,False
AAPL,SPY_ETF,0.4953189450514284,-1.817233758304759,0.3719397984353422,False,-0.8351049526702327,0.9299316798099235,False
AAPL,TSLA,0.7032638951012163,-0.9283522417005631,0.7784923070327003,False,-1.0423693726322554,0.8945123047229231,False
AAPL,DAXEX_ETF,0.7137895993704173,0.31032809234156467,0.9778134025319513,False,-0.31343425863771757,0.9752549034671076,False
AAPL,CAC40_ETF,-0.5102663746711603,-2.726503087798059,0.06956328526766453,False,-2.0141074325982773,0.5212373954603099,False
AAPL,EQQQ_ETF,0.7190641284092683,-0.8264251578611322,0.8112363887425469,False,-0.18284695019610886,0.9806189942884761,False
AAPL,FTSE_ETF,0.24860274799617163,-0.9234279394429711,0.7801593955073702,False,-0.7879139818020183,0.9362735977939836,False
AMZN,AAPL,0.7005522150577426,-0.8014771067705265,0.818687793581941,False,-0.8578378348762841,0.9266670318194105,False
AMZN,AVGO,0.6695775362910477,-1.2569233560412088,0.6486424519924139,False,-1.8488099821409212,0.6057249447915465,False
AMZN,BRK.B,-0.18201674069329687,-2.150157329138984,0.22482987409166139,False,-1.3033377878876744,0.8287261913182224,False
AMZN,DJIA_ETF,0.2838185552548709,-1.602130389580768,0.4825232196255925,False,-1.1046679775262938,0.8811309505845057,False
AMZN,GOOG,0.8775816689290838,-2.171435961657173,0.21677537625022963,False,-2.2365654913828945,0.40559537143317465,False
AMZN,GOOGL,0.8763667582592085,-2.0947051659718716,0.2466490042541144,False,-2.213677753649479,0.4173217893301408,False
AMZN,META,0.7757097684190115,-3.027781380361956,0.032380165410919565,True,-2.7926670529468,0.16802902076815796,False
AMZN,MSFT,0.6473306390432276,-2.4052843935493735,0.1402504792306538,False,-1.5605657613767212,0.7372433280340633,False
AMZN,NVDA,-0.14854351141217528,-3.153498002011249,0.022839182688275953,True,-1.5591586449536297,0.737815950579787,False
AMZN,SPY_ETF,0.6734679871144413,-2.1578600061265454,0.22189360820570003,False,-1.3836606354132486,0.8030590249485616,False
AMZN,TSLA,0.937527783824589,-2.9980310375220833,0.0350786861782387,True,-3.002823351319593,0.10953591252541223,False
AMZN,DAXEX_ETF,0.8300053051793921,-1.6503092353021995,0.456879154346324,False,-2.4938333696727084,0.28179545021294794,False
AMZN,CAC40_ETF,-0.3075954704743687,-2.1690290001548163,0.2176775043173027,False,-1.5035818076609186,0.7598160405766544,False
AMZN,EQQQ_ETF,0.887836934307958,-2.2548248768203214,0.18695182753700101,False,-2.2583445132798823,0.3945120793668967,False
AMZN,FTSE_ETF,0.33267826565974484,-1.025153874883026,0.7439798168613878,False,-1.9193099505137479,0.5701818983480758,False
AVGO,AAPL,0.6428820733370474,-0.8344258975026575,0.8088000195135312,False,-0.41281862826707705,0.969990179728777,False
AVGO,AMZN,0.6695775362910477,-1.8488185694297896,0.3565078656358518,False,-1.2570837299556596,0.8423126708344895,False
AVGO,BRK.B,-0.5748877077797699,-2.460195272221672,0.125461995566594,False,-1.3164856544698935,0.8247057347694263,False
AVGO,DJIA_ETF,-0.3456229940562879,-1.9272528101268216,0.3193511138998673,False,-0.8907763329387757,0.9216830706743885,False
AVGO,GOOG,0.8551153600796,-2.8578557454381097,0.05047287976210444,False,-2.6300195700422284,0.22575009735211976,False
AVGO,GOOGL,0.8565121859087081,-2.8428787953569263,0.052405057354607945,False,-2.6221693433931224,0.22880974607085858,False
AVGO,META,0.6081633567310293,-2.388608657460398,0.14497737692153673,False,-1.6048309463651815,0.7188465809091212,False
AVGO,MSFT,0.3162560518599217,-2.2091101692025603,0.20295562220301222,False,-0.6249337726443535,0.9541513137174026,False
AVGO,NVDA,-0.34236099768154793,-3.2999311050868823,0.014881554377717328,True,-1.5355040987448412,0.7473275337794618,False
AVGO,SPY_ETF,0.1101787559699501,-2.0517255868609627,0.2643634593609752,False,-0.4376969478271708,0.9684827657821488,False
AVGO,TSLA,0.6928536805148583,-2.100805839941936,0.2441906926983885,False,-1.5007318760789587,0.7609113238945269,False
AVGO,DAXEX_ETF,0.6499041743805964,-1.1342194457380526,0.701234516317162,False,-1.8343568632537008,0.6128886164615478,False
AVGO,CAC40_ETF,-0.3134181251566047,-2.048271591849876,0.2658166768332001,False,-0.5270561543823016,0.9623486994016405,False
AVGO,EQQQ_ETF,0.7221981390603448,-2.349114731181198,0.15661616970677572,False,-1.6061328509655202,0.7182944291892511,False
AVGO,FTSE_ETF,0.003145715032818964,-1.0656331130417773,0.7285806992061932,False,-0.6146587044524358,0.9550926327918996,False
BRK.B,AAPL,-0.21227592758602457,-1.3778870227658413,0.5928302543216488,False,-2.2428304399507786,0.4023992095473361,False
BRK.B,AMZN,-0.1820167406932969,-1.3031673537200559,0.6277220025179872,False,-2.1506257671492395,0.4499513352536061,False
BRK.B,AVGO,-0.5748877077797699,-1.3156425140674481,0.6219858068428217,False,-2.461518673999471,0.29629893186730455,False
BRK.B,DJIA_ETF,0.8065161674670448,-2.0939242205973323,0.24696471105959844,False,-2.4656625960611738,0.2944191382657027,False
BRK.B,GOOG,-0.4497657243574574,-1.6322722207273601,0.46630156721660876,False,-2.2869268645701437,0.3800939884886275,False
BRK.B,GOOGL,-0.4528721386747436,-1.620860909492776,0.47227798474978977,False,-2.288269865552588,0.3794203964746656,False
BRK.B,META,-0.311440051561138,-2.1260092042430023,0.23418557860150063,False,-2.2759239229513213,0.3856260392249799,False
BRK.B,MSFT,-0.011329688306310795,-2.1873616733540486,0.21086437492925275,False,-2.084526283911088,0.48445776566593535,False
BRK.B,NVDA,0.2780746910244794,-3.1121578927796207,0.02566643557281689,True,-2.3524189353348834,0.34770838957304506,False
BRK.B,SPY_ETF,0.49328135807154605,-2.0492841201870915,0.2653902203253269,False,-2.0356790381049272,0.5099887665110675,False
BRK.B,TSLA,-0.13192938610531577,-1.3557861827566915,0.6032798113355352,False,-2.1101564512451727,0.4710592364860729,False
BRK.B,DAXEX_ETF,-0.1887360837800915,-0.18754503767174024,0.9399900234648353,False,-1.7627701125099156,0.647623338721129,False
BRK.B,CAC40_ETF,0.056017257845609604,-2.1174067297031858,0.23757311601862274,False,-1.8167330318266328,0.621559207694989,False
BRK.B,EQQQ_ETF,-0.1282945987050414,-1.7684083712354026,0.39625497275380817,False,-1.8489333247452466,0.6056636123741826,False
BRK.B,FTSE_ETF,0.30603649344389217,-1.0681964784384135,0.7275867589119884,False,-1.6989491805502344,0.6773846600467237,False
DJIA_ETF,AAPL,0.10582164397962641,-1.0868670259288207,0.7202806672087365,False,-1.6595305493874513,0.6951221327109334,False
DJIA_ETF,AMZN,0.2838185552548709,-1.1048991313375962,0.7131142389131887,False,-1.602298080611281,0.7199190086173155,False
DJIA_ETF,AVGO,-0.3456229940562879,-0.8903186463948815,0.7911439047894918,False,-1.9274841482105283,0.5660050565864596,False
DJIA_ETF,BRK.B,0.8065161674670447,-2.465266744997489,0.12415559922008157,False,-2.0941590371698213,0.4794207973265165,False
DJIA_ETF,GOOG,-0.09437506248761857,-1.2572697963900525,0.6484878137512173,False,-1.7815096375136739,0.6386592884913855,False
DJIA_ETF,GOOGL,-0.09864905269025409,-1.2422045053356296,0.6551821592395264,False,-1.782289301488347,0.63828426329279,False
DJIA_ETF,META,0.16308394519221045,-1.8961323754739845,0.33388274520207983,False,-1.6490823900059008,0.699735474040037,False
DJIA_ETF,MSFT,0.3934107391933483,-2.1750752811892875,0.21541572108620638,False,-1.5664426972025476,0.7348435177602693,False
DJIA_ETF,NVDA,0.22866384252492278,-3.005500115488782,0.03438394143532669,True,-1.5963049193612724,0.7224471036210559,False
DJIA_ETF,SPY_ETF,0.8560662481907922,-2.0019386312767686,0.2857237243816534,False,-1.6791166200738363,0.6863735031270031,False
DJIA_ETF,TSLA,0.24019216287091696,-1.1982181091210968,0.6743617662859159,False,-1.6605274462078001,0.6946799901614888,False
DJIA_ETF,DAXEX_ETF,0.17956752955109365,0.06951966662614743,0.9639173806712792,False,-1.5813517709656986,0.7286964624856217,False
DJIA_ETF,CAC40_ETF,0.03287792865764479,-2.1063594459897095,0.2419651374981444,False,-1.7781374039035476,0.6402794807323977,False
DJIA_ETF,EQQQ_ETF,0.1452254238843423,-1.405048328726762,0.5798535075113708,False,-1.700762888518077,0.6765562356832789,False
DJIA_ETF,FTSE_ETF,0.45724646866166846,-0.7264715008008078,0.8397731658398284,False,-1.4798887986203935,0.7688227951241853,False
GOOG,AAPL,0.620361536735542,-0.7202983499415943,0.841421519161961,False,-0.5519338323998956,0.9604220922852299,False
GOOG,AMZN,0.8775816689290838,-2.2363662484982387,0.19331226942094426,False,-2.1717255035898653,0.43898834838105094,False
GOOG,AVGO,0.8551153600796,-2.6299677488827125,0.08696035512253936,False,-2.8576793221533747,0.14802052385823855,False
GOOG,BRK.B,-0.4497657243574574,-2.2866101052219063,0.1763228514669079,False,-1.63265299106559,0.7069126821710916,False
GOOG,DJIA_ETF,-0.09437506248761857,-1.7814488140873004,0.3897099562198192,False,-1.2575545874381753,0.8421787079776327,False
GOOG,GOOGL,0.999931203859661,-4.971936661251836,2.5213449192845684e-05,True,-4.976339020915687,0.00018194614236503032,True
GOOG,META,0.7305116039982054,-2.882662382894718,0.047401592206918856,True,-2.279375171814507,0.383888277919333,False
GOOG,MSFT,0.4770903609844164,-2.1941416102943454,0.2083785812958081,False,-1.001572055159981,0.902548666968363,False
GOOG,NVDA,-0.2251940345460282,-3.2097295545361524,0.0194283569507984,True,-1.613147859136125,0.7153085923713485,False
GOOG,SPY_ETF,0.3711889352931102,-1.9726712391302434,0.29868283748581714,False,-0.9040097327467741,0.9195935204201591,False
GOOG,TSLA,0.869005303364752,-2.301547640812038,0.17146931239548885,False,-2.2802518313736595,0.3834472319357198,False
GOOG,DAXEX_ETF,0.6972074935006064,-1.557036458007092,0.5051315401381371,False,-2.1973382032505935,0.4257365686317039,False
GOOG,CAC40_ETF,-0.2926844835208121,-1.9942753850212478,0.28908877065434213,False,-0.6045119559773832,0.9560027418946556,False
GOOG,EQQQ_ETF,0.7559570205606283,-2.5073136392856132,0.11370496344218217,False,-1.9617691223718132,0.5483846711417814,False
GOOG,FTSE_ETF,0.013416220314780812,-1.072965202705307,0.7257318004193358,False,-0.8885233682428593,0.9220337669240058,False
GOOGL,AAPL,0.6202271784677391,-0.7196283536404607,0.8415996337158242,False,-0.5386517609520339,0.9614633197184169,False
GOOGL,AMZN,0.8763667582592085,-2.2134860688444906,0.20138725267032648,False,-2.0949641341460605,0.47899986215132384,False
GOOGL,AVGO,0.856512185908708,-2.6221041677241863,0.08851429696949281,False,-2.84271871188898,0.15247033304528007,False
GOOGL,BRK.B,-0.4528721386747436,-2.2879531185184243,0.1758827722653421,False,-1.6212391973550433,0.7118423598332811,False
GOOGL,DJIA_ETF,-0.0986490526902541,-1.782228907783794,0.3893195537777996,False,-1.2424869779715138,0.8464215928835739,False
GOOGL,GOOG,0.999931203859661,-4.9759532892307385,2.47580664126145e-05,True,-4.972321972241965,0.00018505068778305037,True
GOOGL,META,0.7290933117044133,-2.8656198822153236,0.04949449537650706,True,-2.3255355429519913,0.3608823771206344,False
GOOGL,MSFT,0.47199264003759067,-2.1961625231645736,0.20764118665774262,False,-0.9922043372325928,0.9043157876759838,False
GOOGL,NVDA,-0.22624596554240578,-3.210634432993995,0.019377309884249707,True,-1.5986255821333504,0.721469756266447,False
GOOGL,SPY_ETF,0.36643272425911005,-1.9752593709821356,0.29752523252904656,False,-0.8915887960889083,0.9215562444798877,False
GOOGL,TSLA,0.8678196471950903,-2.2935274951119227,0.17406398157484426,False,-2.261016307228707,0.3931579332120728,False
GOOGL,DAXEX_ETF,0.6958117408578243,-1.5354359174929924,0.5159145902836216,False,-2.1765481049213666,0.4364880551333118,False
GOOGL,CAC40_ETF,-0.2973269328048579,-1.9932429634308566,0.2895436608234124,False,-0.5966741396850859,0.9566927358185859,False
GOOGL,EQQQ_ETF,0.7540312630817945,-2.490762189261,0.11773819363936783,False,-1.9451552701339994,0.5569424731263034,False
GOOGL,FTSE_ETF,0.01041915655417215,-1.0708084878493982,0.7265716770336275,False,-0.8818261377867683,0.9230676714304153,False
META,AAPL,0.6743434493609568,-1.6558711789622886,0.45398025834344624,False,-2.1322157346965973,0.4595430826954238,False
META,AMZN,0.7757097684190115,-2.7942797959958456,0.05909551557449753,False,-3.0279640113522537,0.10370715798729119,False
META,AVGO,0.6081633567310293,-1.6044478841735705,0.4813587975371417,False,-2.388839180120996,0.33015908284648554,False
META,BRK.B,-0.311440051561138,-2.2753461696206947,0.1800426332848935,False,-2.1266805131162356,0.46243076716505366,False
META,DJIA_ETF,0.16308394519221042,-1.649043013373909,0.45753956940211615,False,-1.8964746362872102,0.5817938360818689,False
META,GOOG,0.7305116039982054,-2.279257097018159,0.17874526161323107,False,-2.882607797786124,0.1408096497300223,False
META,GOOGL,0.7290933117044134,-2.325926646168746,0.16374239016418868,False,-2.8655745183709476,0.14570924971450194,False
META,MSFT,0.7573869030255411,-2.6885915956358604,0.0760333122008403,False,-2.561464344744222,0.252654292738833,False
META,NVDA,-0.2215778388721833,-3.485057663189975,0.00837924056947348,True,-2.385928358745508,0.3315482957368626,False
META,SPY_ETF,0.5513442058543565,-2.069450102108049,0.25697492868235405,False,-1.9101378382080838,0.5748563026273553,False
META,TSLA,0.6531422659798019,-2.460065716877339,0.12549549916731811,False,-3.0040367665116188,0.10924907635699044,False
META,DAXEX_ETF,0.8889337720638574,-2.9170556231909153,0.043400305500198216,True,-3.4830907856086593,0.033924080856113564,True
META,CAC40_ETF,-0.03460374148565511,-2.110007203239717,0.24050974118533675,False,-1.648713257398809,0.6998977707559795,False
META,EQQQ_ETF,0.7736581602304125,-2.9323315488464283,0.04171539439209223,True,-2.793514018605464,0.16775710591776344,False
META,FTSE_ETF,0.4463061315210221,-1.5591569701056076,0.5040710549655297,False,-1.9404094400428709,0.5593805934603068,False
MSFT,AAPL,0.7260327784277054,-2.0256159217423986,0.2754555655922729,False,-2.6434193232656535,0.2205847178825341,False
MSFT,AMZN,0.6473306390432276,-1.5606212242800508,0.5033385870787901,False,-2.4055481713355276,0.32223174954161327,False
MSFT,AVGO,0.3162560518599218,-0.6239013758694726,0.8654893232390881,False,-2.209324953092189,0.41956016057759704,False
MSFT,BRK.B,-0.011329688306310797,-2.084150799430589,0.2509352149096487,False,-2.187564055102254,0.43078543688439314,False
MSFT,DJIA_ETF,0.39341073919334824,-1.5662890626436559,0.5005019930782715,False,-2.1752867144728283,0.4371418137463185,False
MSFT,GOOG,0.4770903609844164,-1.0008332995244802,0.7529602530213205,False,-2.194391364816353,0.4272576294406912,False
MSFT,GOOGL,0.47199264003759067,-0.9914742036491109,0.7563611739658558,False,-2.196410561699119,0.42621527795078284,False
MSFT,META,0.7573869030255411,-2.5611522702207745,0.10129501305706023,False,-2.6888115746128425,0.203628464678888,False
MSFT,NVDA,-0.16480737261672554,-3.262237411133525,0.01665318951831628,True,-2.4746855145946465,0.29034614745605086,False
MSFT,SPY_ETF,0.7109252719452573,-1.9295238342999517,0.3183021399272632,False,-2.2647185107841605,0.39128364149231576,False
MSFT,TSLA,0.5765924206579267,-1.6701246445048727,0.44656714250683516,False,-2.5449062895982326,0.25963110787068483,False
MSFT,DAXEX_ETF,0.675190639069758,-0.9279508376150004,0.7786285227616334,False,-2.114492400394601,0.4687941059434596,False
MSFT,CAC40_ETF,-0.14720347866051042,-2.255448635148947,0.18673930274921563,False,-2.0619431544854354,0.496266815473263,False
MSFT,EQQQ_ETF,0.6448799267113949,-1.1058093145605732,0.7127496660072424,False,-1.4270618855801545,0.7880867357872079,False
MSFT,FTSE_ETF,0.3538637309871559,-0.9996224075234648,0.7534019944638599,False,-1.6208463663079085,0.7120111918715791,False
NVDA,AAPL,-0.3429715161411732,-1.8583555318263234,0.3518982702374178,False,-3.374878783440785,0.0452182858346638,True
NVDA,AMZN,-0.14854351141217528,-1.5593215801471654,0.5039887190081737,False,-3.1538074921369326,0.07799837832082653,False
NVDA,AVGO,-0.34236099768154793,-1.5351678877271928,0.5160481490433538,False,-3.300251856857362,0.054700255433331575,False
NVDA,BRK.B,0.2780746910244794,-2.35204131969555,0.15573219471942368,False,-3.11247582384847,0.08582445016066653,False
NVDA,DJIA_ETF,0.22866384252492278,-1.5961463236168356,0.4855290329990173,False,-3.0058239963742635,0.10882762082627184,False
NVDA,GOOG,-0.22519403454602824,-1.612874169199642,0.4764670183114901,False,-3.2100341750896857,0.06826572660281711,False
NVDA,GOOGL,-0.2262459655424058,-1.5983545698500838,0.48441997813158444,False,-3.2109394345068716,0.06811734215912425,False
NVDA,META,-0.22157783887218327,-2.3854942318854433,0.145872479374844,False,-3.4854065303685737,0.033711180491771645,True
NVDA,MSFT,-0.16480737261672557,-2.474459266090072,0.12181296971154143,False,-3.2625734533476254,0.06007178056546855,False
NVDA,SPY_ETF,0.14938879527872093,-1.8572260675574406,0.3524429313064721,False,-2.797502163314439,0.16648073085052234,False
NVDA,TSLA,-0.23322695726828765,-1.5460969658152972,0.5105972196491059,False,-3.119965383283764,0.08436276992084635,False
NVDA,DAXEX_ETF,-0.3547343212385767,-1.048205129807288,0.7352793211209832,False,-2.7690307013324036,0.17573756773060173,False
NVDA,CAC40_ETF,0.2433751285168064,-2.118482544090706,0.23714791342150698,False,-2.4676278791979813,0.2935296506732284,False
NVDA,EQQQ_ETF,-0.180456557555137,-2.0046419040978067,0.2845415023542812,False,-2.614394033715964,0.23107084070211154,False
NVDA,FTSE_ETF,-0.12029260560220613,-1.1335290390640498,0.7015174371518248,False,-2.5226130979662975,0.26918807699528235,False
SPY_ETF,AAPL,0.49531894505142837,-0.834529226130248,0.8087684053390263,False,-1.8179026771609816,0.6209860437702606,False
SPY_ETF,AMZN,0.6734679871144413,-1.3837395348587058,0.5900462890738268,False,-2.158070297369809,0.446079204413926,False
SPY_ETF,AVGO,0.11017875596995008,-0.4365128817978986,0.9038216261236525,False,-2.0518058914443764,0.5015655426457829,False
SPY_ETF,BRK.B,0.49328135807154605,-2.035439226419145,0.2712535845996587,False,-2.0494790661919584,0.5027814081102866,False
SPY_ETF,DJIA_ETF,0.8560662481907922,-1.6789239134407932,0.4420029124546673,False,-2.0021761300931327,0.527446701980569,False
SPY_ETF,GOOG,0.3711889352931102,-0.9035173376316609,0.7868119010760267,False,-1.9728276565942164,0.5426704766932029,False
SPY_ETF,GOOGL,0.36643272425911005,-0.8910985338256442,0.7908896622874366,False,-1.975413364746113,0.5413324837226456,False
SPY_ETF,META,0.5513442058543565,-1.909947381373291,0.32739611595095,False,-2.0691888318206177,0.49247835806695367,False
SPY_ETF,MSFT,0.7109252719452575,-2.2644790775386525,0.18368014415484052,False,-1.9296751194642334,0.5648838211877686,False
SPY_ETF,NVDA,0.1493887952787209,-2.797219294671208,0.05867207117249333,False,-1.8573573629014857,0.6014670433656593,False
SPY_ETF,TSLA,0.6294023957624687,-1.6619260721885385,0.4508282917532798,False,-2.364693957743095,0.34175373937601,False
SPY_ETF,DAXEX_ETF,0.5017501872660893,-0.19709198248816523,0.9388673588298766,False,-1.872812800995641,0.593729458846842,False
SPY_ETF,CAC40_ETF,-0.11441012052803445,-2.168477597782614,0.2178844926003603,False,-2.0257578318981544,0.5151653515213414,False
SPY_ETF,EQQQ_ETF,0.5413714442183284,-0.6395581380404168,0.8617906855211684,False,-1.6224519850114871,0.7113207730192284,False
SPY_ETF,FTSE_ETF,0.47428162786464356,-0.9396785294144665,0.7746251264949948,False,-2.049559768259944,0.5027392404692977,False
TSLA,AAPL,0.7032638951012163,-1.0417703686621744,0.7377264233787586,False,-0.9306281434772784,0.9152342466423884,False
TSLA,AMZN,0.937527783824589,-3.002549859483676,0.03465696066199047,True,-2.9982250910614314,0.11062799151403391,False
TSLA,AVGO,0.6928536805148582,-1.500628414538103,0.5332004483482715,False,-2.0994392057891176,0.4766603253084659,False
TSLA,BRK.B,-0.13192938610531577,-2.1097166813583716,0.24062546813061558,False,-1.3553816699178185,0.8123976610603234,False
TSLA,DJIA_ETF,0.240192162870917,-1.6603605787579854,0.4516428375883938,False,-1.1983464084428381,0.8583334142901605,False
TSLA,GOOG,0.869005303364752,-2.2800021490819424,0.17849880926297595,False,-2.3017576077720983,0.37267608107814465,False
TSLA,GOOGL,0.8678196471950903,-2.260771155593387,0.18493224313481638,False,-2.293735027076537,0.3766830851926628,False
TSLA,META,0.6531422659798019,-3.00410806681878,0.03451253545138626,True,-2.460017146681511,0.2969814823729119,False
TSLA,MSFT,0.5765924206579267,-2.5446456369300767,0.1049858893178599,False,-1.6703651025457433,0.6902986203334804,False
TSLA,NVDA,-0.23322695726828768,-3.119681197036784,0.025130563113085657,True,-1.543388100708045,0.7441814824232331,False
TSLA,SPY_ETF,0.6294023957624687,-2.364482093254854,0.1520129713369181,False,-1.6610834863723039,0.694433227862974,False
TSLA,DAXEX_ETF,0.7695219704880985,-1.26902203848688,0.6432229574732871,False,-1.946100639652602,0.5564564435086881,False
TSLA,CAC40_ETF,-0.5025894834252956,-2.1520825775539882,0.224093782706968,False,-1.3574581599036764,0.8117231266778397,False
TSLA,EQQQ_ETF,0.9270067686676497,-2.6576128373601464,0.08166464997251432,False,-2.5848507526247304,0.242981056247706,False
TSLA,FTSE_ETF,0.22845033879214005,-1.1258016549939767,0.7046736069801383,False,-1.6264135570972442,0.7096133172104659,False
DAXEX_ETF,AAPL,0.7137895993704173,-0.31100792993121085,0.9239307458173546,False,0.3064566041223352,0.9909635444969321,False
DAXEX_ETF,AMZN,0.8300053051793921,-2.4931769012475473,0.11714329712306665,False,-1.651289387868782,0.698764132693927,False
DAXEX_ETF,AVGO,0.6499041743805966,-1.8344464282145903,0.363499012559666,False,-1.1352261874766323,0.8740563891576612,False
DAXEX_ETF,BRK.B,-0.1887360837800915,-1.7617474390918202,0.3996114883587311,False,-0.18984036534590168,0.9803699323879962,False
DAXEX_ETF,DJIA_ETF,0.17956752955109365,-1.580791814633373,0.4932348203139888,False,0.06735485664353558,0.9873482543485065,False
DAXEX_ETF,GOOG,0.6972074935006064,-2.1965288630008595,0.20750769070409764,False,-1.5579930829037962,0.7382896970293888,False
DAXEX_ETF,GOOGL,0.6958117408578243,-2.175751871632234,0.21516352505195036,False,-1.5363927335128706,0.7469741442266873,False
DAXEX_ETF,META,0.8889337720638574,-3.481323352557747,0.008479906949314815,True,-2.918997856127161,0.1307366209822874,False
DAXEX_ETF,MSFT,0.6751906390697578,-2.1130693857178313,0.2392919137739759,False,-0.9302567517560695,0.9152965289569996,False
DAXEX_ETF,NVDA,-0.3547343212385766,-2.767857008302705,0.06301387571644079,False,-1.049742532386772,0.892999658134402,False
DAXEX_ETF,SPY_ETF,0.5017501872660893,-1.872072170279124,0.3453111124574495,False,-0.19873228357167227,0.9800475102148462,False
DAXEX_ETF,TSLA,0.7695219704880985,-1.9455149362049784,0.31096147109903766,False,-1.2699592484564262,0.838617421702845,False
DAXEX_ETF,CAC40_ETF,0.08705580158613654,-2.2632038295743264,0.18411014383089525,False,-0.03463654460192715,0.9850624870930318,False
DAXEX_ETF,EQQQ_ETF,0.8359439141691324,-2.7384793723510854,0.06761304411873498,False,-2.1322121193688037,0.4595449682736242,False
DAXEX_ETF,FTSE_ETF,0.6276980944318654,-1.4328531986685047,0.5664285231534174,False,-1.1856253442243014,0.8616248499170454,False
CAC40_ETF,AAPL,-0.5102663746711603,-2.0131491969115127,0.28083756187918774,False,-2.7280524456771746,0.18965191148035027,False
CAC40_ETF,AMZN,-0.3075954704743687,-1.502068043743607,0.5324880602957581,False,-2.170718294589722,0.439510813616876,False
CAC40_ETF,AVGO,-0.3134181251566048,-0.5252094093492544,0.8870024605267564,False,-2.049932847337094,0.502544300393358,False
CAC40_ETF,BRK.B,0.056017257845609604,-1.8158257636110005,0.37263342835616053,False,-2.118715218904246,0.4665887126823185,False
CAC40_ETF,DJIA_ETF,0.03287792865764479,-1.7774993043240184,0.39168848668109757,False,-2.107677678529423,0.4723544314955187,False
CAC40_ETF,GOOG,-0.2926844835208121,-0.6030059158106598,0.8703013654156162,False,-1.9958469020818261,0.53073624872326,False
CAC40_ETF,GOOGL,-0.2973269328048579,-0.5951544103095686,0.8720731767235019,False,-1.994820487296883,0.531269410657857,False
CAC40_ETF,META,-0.03460374148565511,-1.6477553547596548,0.4582113352288848,False,-2.1113566259327525,0.4704321950216676,False
CAC40_ETF,MSFT,-0.14720347866051042,-2.061046684539486,0.26046351104055077,False,-2.256816502895707,0.39528708393492984,False
CAC40_ETF,NVDA,0.24337512851680643,-2.466446255595006,0.12385318749040913,False,-2.119857750904113,0.4659921362104762,False
CAC40_ETF,SPY_ETF,-0.11441012052803444,-2.0247019134124367,0.2758482862884362,False,-2.169902934045749,0.4399338299645361,False
CAC40_ETF,TSLA,-0.5025894834252956,-1.3550314192133692,0.6036348472628299,False,-2.154256946426563,0.44806212691300623,False
CAC40_ETF,DAXEX_ETF,0.08705580158613654,-0.033760716724149285,0.9556494411130843,False,-2.2635554440386367,0.3918721952962323,False
CAC40_ETF,EQQQ_ETF,-0.22603527350481548,-1.6389656074485415,0.46280134405299544,False,-1.9115821316160935,0.5741211373493954,False
CAC40_ETF,FTSE_ETF,0.39828254470801516,-1.3064365905164044,0.6262224448731006,False,-2.484735959534242,0.2858421148573488,False
EQQQ_ETF,AAPL,0.7190641284092683,-0.17525743725162288,0.9414073187771181,False,-0.8315519396119737,0.9304293527621198,False
EQQQ_ETF,AMZN,0.8878369343079578,-2.2567222882447524,0.1863058375292499,False,-2.2567892309600146,0.3953009199106846,False
EQQQ_ETF,AVGO,0.7221981390603448,-1.609703819832894,0.478717335250144,False,-2.3500455704363183,0.3488642154650998,False
EQQQ_ETF,BRK.B,-0.1282945987050414,-1.8477107809636735,0.35704484920683766,False,-1.7700161217248358,0.6441686759872455,False
EQQQ_ETF,DJIA_ETF,0.14522542388434231,-1.7000781492225254,0.4310722124876946,False,-1.4067023768159892,0.7952066210736274,False
EQQQ_ETF,GOOG,0.7559570205606283,-1.9609476190474506,0.30395421119341026,False,-2.5083029325145354,0.2754195077880654,False
EQQQ_ETF,GOOGL,0.7540312630817945,-1.9443335132729136,0.3115010448183101,False,-2.4917741941022156,0.2827088602247506,False
EQQQ_ETF,META,0.7736581602304125,-2.792831460740765,0.05930506136380923,False,-2.931692609960042,0.12734794275371897,False
EQQQ_ETF,MSFT,0.6448799267113949,-1.4254726357676337,0.5700051437834072,False,-1.1088971600336346,0.8801722790047106,False
EQQQ_ETF,NVDA,-0.18045655755513704,-2.6130624085969223,0.09032747428690086,False,-2.0061672849593664,0.525370750261492,False
EQQQ_ETF,SPY_ETF,0.5413714442183283,-1.6217044587374951,0.4718358287265365,False,-0.6429414155382775,0.9524527002863358,False
EQQQ_ETF,TSLA,0.9270067686676496,-2.5826372142697935,0.09663916277089829,False,-2.660562791304578,0.2140820662716963,False
EQQQ_ETF,DAXEX_ETF,0.8359439141691324,-2.1314308490124576,0.2320653113305977,False,-2.736956004374874,0.1865693836333051,False
EQQQ_ETF,CAC40_ETF,-0.2260352735048155,-1.910886918236299,0.32695702080007233,False,-1.6397728176597242,0.7038140558340795,False
EQQQ_ETF,FTSE_ETF,0.3661637931463529,-1.0673796094703385,0.727903739177389,False,-2.0066710253482007,0.5251086521234464,False
FTSE_ETF,AAPL,0.2486027479961716,-0.7868849078979048,0.8229442034690295,False,-0.9259139012774128,0.9160217300178021,False
FTSE_ETF,AMZN,0.33267826565974484,-1.9189593211253124,0.32319528149356364,False,-1.0269703967456647,0.8976114810010104,False
FTSE_ETF,AVGO,0.003145715032818964,-0.613410339422986,0.8679229566592586,False,-1.06789630050409,0.8891949266115471,False
FTSE_ETF,BRK.B,0.30603649344389217,-1.6982219410536823,0.43202881840688906,False,-1.0703089213914911,0.8886805971039624,False
FTSE_ETF,DJIA_ETF,0.4572464686616684,-1.479243778457551,0.5437530221527754,False,-0.728781225883577,0.9434419188828335,False
FTSE_ETF,GOOG,0.01341622031478081,-0.8874403303563086,0.7920803540864224,False,-1.0752083507021502,0.8876298026971279,False
FTSE_ETF,GOOGL,0.010419156554172148,-0.8807463192086605,0.7942467920366856,False,-1.0730576035343355,0.8880921240517485,False
FTSE_ETF,META,0.4463061315210221,-1.9395674119801103,0.313682284214575,False,-1.5610759059969221,0.7370355381775215,False
FTSE_ETF,MSFT,0.3538637309871559,-1.6203027696721357,0.47257057087712845,False,-1.0018062695193373,0.9025041162752507,False
FTSE_ETF,NVDA,-0.12029260560220614,-2.5215385799614105,0.11032131686707686,False,-1.1370367621723338,0.8736263868841668,False
FTSE_ETF,SPY_ETF,0.4742816278646435,-2.0488143828409213,0.2655880178355203,False,-0.9416550936309821,0.9133659110215553,False
FTSE_ETF,TSLA,0.22845033879214002,-1.6259358684116354,0.4696187483492398,False,-1.127681897139765,0.8758349934692645,False
FTSE_ETF,DAXEX_ETF,0.6276980944318653,-1.1854037498011516,0.679842923647604,False,-1.433355325428157,0.7858514760737003,False
FTSE_ETF,CAC40_ETF,0.39828254470801516,-2.484462711811866,0.11930062760232757,False,-1.3071112499746027,0.8275795251256679,False
FTSE_ETF,EQQQ_ETF,0.3661637931463529,-2.013304399710535,0.28077022347307645,False,-1.068077299007095,0.8891564119250224,False
NKY225_ETF,ADAUSDT,0.1105703729372677,-1.1319735185998918,0.7021543130453143,False,-2.966748048033233,0.11832256850823142,False
NKY225_ETF,AVAXUSDT,0.178854954827414,-1.5785351060238526,0.49436641110679935,False,-2.995122956946669,0.11136931805706524,False
NKY225_ETF,BNBUSDT,0.3263578127979945,-2.269990641883425,0.18182928822334737,False,-3.1532486482190776,0.07810032290178733,False
NKY225_ETF,BTCUSDT,0.07772036712920646,-1.0627436671598096,0.7296984145949331,False,-2.9590985132555168,0.12025071236787765,False
NKY225_ETF,DOGEUSDT,-0.005732205945104595,-1.5674157227121148,0.49993788316583904,False,-2.9479220967975124,0.12310917556321738,False
NKY225_ETF,ETHUSDT,0.20765581510148562,-1.674599049197667,0.4442450276471701,False,-3.0104117627314153,0.10775132754558941,False
NKY225_ETF,SOLUSDT,-0.1696674288845484,-1.2580232398143167,0.648151392304169,False,-3.0030371673961245,0.1094853282738581,False
NKY225_ETF,TRXUSDT,0.324172342153883,-2.173417512002774,0.21603441479903157,False,-3.1948287497465313,0.07079687079494527,False
NKY225_ETF,USDCUSDT,0.07788742060379546,-3.142090550934914,0.02359108463895858,True,-2.9780687128965893,0.11551101942721159,False
NKY225_ETF,XRPUSDT,0.18891573185925656,-0.3474308329900809,0.9185128956747803,False,-3.0023734824992943,0.10964239876861576,False
AAPL,ADAUSDT,0.589266711399574,-0.9030559665684103,0.7869643781479503,False,-1.1348549667995742,0.8741444012645375,False
AAPL,AVAXUSDT,0.6090154458076538,-1.475591312743646,0.5455495682004546,False,-1.390784228614143,0.8006546962378737,False
AAPL,BNBUSDT,0.7248686233353242,-1.8733621614516571,0.34469425772833384,False,-1.6226250812533598,0.7112462857856152,False
AAPL,BTCUSDT,0.5534765542162168,-1.0674628870596896,0.7278714342011148,False,-1.1915897052888116,0.8600894426066611,False
AAPL,DOGEUSDT,0.3662123008261674,-1.3573382615943514,0.6025493368437884,False,-1.0524134549751194,0.892447072867797,False
AAPL,ETHUSDT,0.6362105974912787,-1.662546564537308,0.45050551946504774,False,-1.4306756111674024,0.7868052208996588,False
AAPL,SOLUSDT,0.14259281206194982,-1.852319621416343,0.3548128875324941,False,-1.0950942865792652,0.8832771375900335,False
AAPL,TRXUSDT,0.7323729956288612,-3.0738286196315463,0.028551594840244287,True,-2.2981128742808608,0.37449482154756164,False
AAPL,USDCUSDT,0.3537801510694081,-3.806958336565228,0.0028369190904404262,True,-1.8881960995758305,0.5859815015530551,False
AAPL,XRPUSDT,0.6752605609373689,0.11801594265015175,0.9672698173315678,False,-0.6785375526245458,0.9489049572462402,False
AMZN,ADAUSDT,0.8130427858503624,-1.9163891719108337,0.3243908393291032,False,-2.146523000660812,0.45208702796916056,False
AMZN,AVAXUSDT,0.7483111413586532,-1.8206712464588932,0.37024835535226586,False,-1.866006256490912,0.597143030219356,False
AMZN,BNBUSDT,0.8770594032760689,-3.6312027820012864,0.0051917649734204135,True,-3.5451001182989486,0.02860135252191768,True
AMZN,BTCUSDT,0.8642068377257635,-2.5357577595164345,0.10701467086490474,False,-2.478107392146549,0.2888087508535312,False
AMZN,DOGEUSDT,0.7467512478921702,-1.9066254345086013,0.32895074529745594,False,-1.746849747655625,0.6551614009399206,False
AMZN,ETHUSDT,0.8509502680047467,-2.371490808891106,0.14994509600094214,False,-2.275635642524363,0.3857712966732499,False
AMZN,SOLUSDT,0.47937312142220495,-2.0068783952438696,0.28356533043717813,False,-1.3891401639654788,0.8012114482906976,False
AMZN,TRXUSDT,0.8145771184418452,-3.8698034566448363,0.002268664915052243,True,-3.387413056082663,0.043767854187383944,True
AMZN,USDCUSDT,-0.03659198829195101,-3.496226410288359,0.00808453837389166,True,-1.2366696541873972,0.8480354736942574,False
AMZN,XRPUSDT,0.8611694729848368,-1.736403794381691,0.4124604293212441,False,-2.208041825789557,0.4202204615851376,False
AVGO,ADAUSDT,0.4088673498598866,-1.3155078305347732,0.6220479367651198,False,-0.9126780937894504,0.9181970410226188,False
AVGO,AVAXUSDT,0.24805488455911748,-1.3533488165356382,0.6044258883057477,False,-0.654139032351189,0.9513643382932372,False
AVGO,BNBUSDT,0.648678425457768,-2.24197939786508,0.19136351771167498,False,-1.752683647214052,0.6524075866128092,False
AVGO,BTCUSDT,0.467768230297665,-1.7354085423141825,0.41296741819611027,False,-0.9452585648338654,0.9127472935795793,False
AVGO,DOGEUSDT,0.20844397869365985,-1.6554375284148195,0.45420615806118736,False,-0.6552344862725865,0.9512565189972297,False
AVGO,ETHUSDT,0.36780735115733054,-1.5839651406452915,0.49164316247881035,False,-0.6629060102562446,0.9504946571172734,False
AVGO,SOLUSDT,-0.10678250785103552,-1.8927495596269255,0.33547959658403037,False,-0.4843921011430585,0.9654243498968941,False
AVGO,TRXUSDT,0.457160167310273,-2.4843326730303725,0.11933304039120368,False,-1.0947365359074124,0.8833566944142787,False
AVGO,USDCUSDT,0.4825148208393293,-4.042289952765525,0.001204559224728496,True,-2.2071555170719495,0.42067668141122205,False
AVGO,XRPUSDT,0.6522086847344338,-1.272655228789829,0.6415879026671922,False,-1.4761041121179086,0.7702406097197558,False
BRK.B,ADAUSDT,0.18231626491121972,-1.0256287033098683,0.7438024426820691,False,-2.1359984215422423,0.4575706069337155,False
BRK.B,AVAXUSDT,0.3034211332594309,-1.3734267815728023,0.5949472897303354,False,-2.1858648192262224,0.43166425876703435,False
BRK.B,BNBUSDT,-0.07801650565634125,-1.5324628411159262,0.517395710126862,False,-2.099925088811964,0.4764063317157677,False
BRK.B,BTCUSDT,0.1490921462179009,-1.3841527307571744,0.5898494786284916,False,-2.098165657552062,0.47732609037018364,False
BRK.B,DOGEUSDT,0.34132835728618877,-1.739324651113838,0.4109735393875181,False,-2.2144675904276787,0.4169158938523401,False
BRK.B,ETHUSDT,0.2412232394473117,-1.4789300190234225,0.5439074211695527,False,-2.090350255834528,0.48141229442233197,False
BRK.B,SOLUSDT,0.5804070583006877,-2.521695188282829,0.11028448736496371,False,-2.749681725554078,0.1822206872548357,False
BRK.B,TRXUSDT,-0.03918764824212973,-2.1859986967772786,0.2113663101530039,False,-2.0847239182893778,0.48435441467573603,False
BRK.B,USDCUSDT,-0.5940184084796275,-4.400544339984949,0.0002961748865351009,True,-3.646750399580761,0.021420176998616963,True
BRK.B,XRPUSDT,-0.10675103532082832,0.008395853188738455,0.959220934195512,False,-2.061204897911782,0.4966527736478759,False
DJIA_ETF,ADAUSDT,0.5052538731565362,-1.213731089232364,0.6676612283616081,False,-1.9216225446055333,0.5690012404781876,False
DJIA_ETF,AVAXUSDT,0.6718626272713003,-1.8768958723944689,0.34300684685288807,False,-2.2746171107348188,0.3862846366806165,False
DJIA_ETF,BNBUSDT,0.3117071599871654,-1.5290133632449963,0.5191131559106452,False,-1.7502629926767777,0.6535514226862171,False
DJIA_ETF,BTCUSDT,0.46521584931612053,-1.346074716176834,0.6078385318414772,False,-1.7838324171056472,0.6375415319160649,False
DJIA_ETF,DOGEUSDT,0.6200096766392402,-1.8401876122742933,0.36069996730684645,False,-2.117101121199001,0.4674316061579523,False
DJIA_ETF,ETHUSDT,0.6283717114027562,-1.786353785123621,0.3872573967731381,False,-2.0169073448511177,0.5197788610775405,False
DJIA_ETF,SOLUSDT,0.7247072951192378,-2.8046485706155777,0.05761281477516823,False,-2.6795776786568184,0.2070095641265421,False
DJIA_ETF,TRXUSDT,0.3749265232560634,-2.409908006943704,0.13895945262139003,False,-1.9423886165400328,0.5583641777684681,False
DJIA_ETF,USDCUSDT,-0.6767569240164238,-4.780179546626583,5.933835961028459e-05,True,-4.065353106512426,0.005781692562115759,True
DJIA_ETF,XRPUSDT,0.2425765247938401,-0.06584270286473595,0.9527362332652202,False,-1.7314084428322685,0.6624019296685123,False
GOOG,ADAUSDT,0.5973669180221318,-1.4054359084847903,0.5796673189056992,False,-1.5039024448762683,0.7596926107180895,False
GOOG,AVAXUSDT,0.46664787380344375,-1.395255264523793,0.5845486786306152,False,-1.2734872425891233,0.8375932539905063,False
GOOG,BNBUSDT,0.7545806707109799,-2.6203390424644453,0.0888660381564016,False,-2.466984817556654,0.2938205571850472,False
GOOG,BTCUSDT,0.699654028790622,-1.8328720781518575,0.3642680158069401,False,-1.6823837023737076,0.6849016373287105,False
GOOG,DOGEUSDT,0.5083865235304934,-1.5747363329177106,0.49627062427247187,False,-1.2368118876515295,0.84799617472438,False
GOOG,ETHUSDT,0.604951094282252,-1.6636308968573408,0.44994157018308245,False,-1.4673897416896688,0.773483162104919,False
GOOG,SOLUSDT,0.2104658538440547,-1.8776503442811676,0.34264702224484067,False,-1.061373912788794,0.8905751514690057,False
GOOG,TRXUSDT,0.6103883722366089,-2.6927158439276218,0.07530725023547427,False,-1.7085484795659254,0.6729881649076628,False
GOOG,USDCUSDT,0.19192185456689728,-3.5971182244984723,0.005816360712060986,True,-1.403327838499298,0.7963702784877615,False
GOOG,XRPUSDT,0.7522728576006755,-1.4174099220997696,0.5739017116952979,False,-1.9078552497491907,0.5760174762147815,False
GOOGL,ADAUSDT,0.5965749223928852,-1.4027807699043096,0.580942258775,False,-1.4873767042271957,0.7660006713397534,False
GOOGL,AVAXUSDT,0.4643039016596344,-1.3982689959116588,0.5831057017124402,False,-1.256786617302812,0.842397156131752,False
GOOGL,BNBUSDT,0.7539613463039662,-2.6142959105822983,0.09007844342653659,False,-2.452733064709326,0.30030323049184693,False
GOOGL,BTCUSDT,0.6984055119187426,-1.8325948699991064,0.36440348431135816,False,-1.6692158159259074,0.6908121701560054,False
GOOGL,DOGEUSDT,0.5065566684981962,-1.5790972796637868,0.4940845432060337,False,-1.224159165452554,0.8514607507807936,False
GOOGL,ETHUSDT,0.6028803960289907,-1.660863774026267,0.4513809883180934,False,-1.4084254204893516,0.7946106511332085,False
GOOGL,SOLUSDT,0.2078251283221568,-1.8802901951661966,0.3413892690361106,False,-1.0442873455664812,0.8941206223731744,False
GOOGL,TRXUSDT,0.6095113361357698,-2.690402052361524,0.07571391010002777,False,-1.6961181451258434,0.6786756386263569,False
GOOGL,USDCUSDT,0.19397595113576666,-3.5982021947788865,0.005795491090025585,True,-1.3923112336785115,0.8001365895196697,False
GOOGL,XRPUSDT,0.752185884061194,-1.4052790518507572,0.5797426742611287,False,-1.8880873176715443,0.5860364461967642,False
META,ADAUSDT,0.6043678352403503,-2.131121610033655,0.23218594025493927,False,-2.6590252953177926,0.2146603782834265,False
META,AVAXUSDT,0.6374439253770824,-2.3052103039569944,0.1702930510366979,False,-2.5774052604858633,0.24603748047089158,False
META,BNBUSDT,0.7907060088199345,-3.735063219565866,0.0036461350763886164,True,-4.044803736249044,0.006192518980252322,True
META,BTCUSDT,0.5511217582245829,-2.301389717728683,0.17152015164083811,False,-2.652696317102279,0.217051075986595,False
META,DOGEUSDT,0.40782416780314007,-2.013258703040909,0.280790049178674,False,-2.331758931194042,0.3578170139985311,False
META,ETHUSDT,0.6497964422870494,-2.481887913489483,0.11994361352878596,False,-2.7275257901605645,0.18983527616572415,False
META,SOLUSDT,0.14383868782922268,-1.9743388457483468,0.2979367047554976,False,-1.9881675039801157,0.5347230571694612,False
META,TRXUSDT,0.7423438383323087,-3.408050495696926,0.01068747318363901,True,-3.48909210173953,0.03337467735593858,True
META,USDCUSDT,0.01433112115298965,-3.502433959643171,0.007924804408387703,True,-1.935983779483876,0.5616514808946553,False
META,XRPUSDT,0.7390156631603625,-2.3934227217381663,0.14360140888971795,False,-3.13082268739198,0.08227831557934179,False
MSFT,ADAUSDT,0.5070367702788731,-1.5270445361913754,0.5200929103296353,False,-2.4903318987977228,0.28334952271377084,False
MSFT,AVAXUSDT,0.6574631343123789,-2.1939687192792716,0.20844174191455955,False,-2.812232231197298,0.16182367605045178,False
MSFT,BNBUSDT,0.6036089692466642,-2.329824847926433,0.16252918362063595,False,-2.8267927990785333,0.15730854439063052,False
MSFT,BTCUSDT,0.49115076896758364,-1.621011557333543,0.4721990168427549,False,-2.4416233957416096,0.3054030292945856,False
MSFT,DOGEUSDT,0.4010105070837602,-1.6593577866307283,0.4521647491379948,False,-2.3475509808782427,0.3500806215388885,False
MSFT,ETHUSDT,0.6510774001204074,-2.2540151971370905,0.1872279338604224,False,-2.828442872088034,0.1568023992489141,False
MSFT,SOLUSDT,0.2877843145365982,-1.9451839265011495,0.31111260352068937,False,-2.2517625752768917,0.3978532974350376,False
MSFT,TRXUSDT,0.6546609030474553,-3.3929144928172104,0.011202800672155646,True,-3.1544104893093317,0.07788849662131024,False
MSFT,USDCUSDT,-0.028162640582099937,-3.489104279847588,0.008271368361731679,True,-2.159242325147281,0.4454699836407205,False
MSFT,XRPUSDT,0.5298920023341801,-0.9251997070424917,0.7795605701542525,False,-2.4460497017630742,0.3033663692670482,False
NVDA,ADAUSDT,-0.18798787272697345,-1.225250962655537,0.6626401708182581,False,-3.213379754811406,0.06771862288517613,False
NVDA,AVAXUSDT,-0.14933822497573648,-1.4216986123483497,0.571830464735343,False,-3.186203699056743,0.07226546072764706,False
NVDA,BNBUSDT,-0.19736141567890333,-1.7645245047400477,0.3982110182912519,False,-3.2550919434378502,0.061187574566510715,False
NVDA,BTCUSDT,-0.12349667882923786,-1.437030611018484,0.5644001399987839,False,-3.1704349358257984,0.07501278532436467,False
NVDA,DOGEUSDT,0.02827178782461237,-1.526964379433206,0.5201327912605692,False,-3.113164560241484,0.08568921926374301,False
NVDA,ETHUSDT,-0.0981171217831818,-1.558494805735405,0.5044022425652467,False,-3.1588711606661986,0.07707942247192785,False
NVDA,SOLUSDT,0.22336422003763837,-1.992091414639646,0.2900514681481653,False,-3.1713400859511833,0.07485288438580286,False
NVDA,TRXUSDT,-0.18206432742724635,-2.3108848742797345,0.16848141172211423,False,-3.216508175271878,0.06721020643974952,False
NVDA,USDCUSDT,-0.44205687278499595,-3.9913665775960743,0.001456399226935453,True,-3.7095391548745233,0.01781433360682741,True
NVDA,XRPUSDT,-0.3452806017946333,-1.0298748839357796,0.7422128016583585,False,-3.376448487044154,0.04503448785307769,True
SPY_ETF,ADAUSDT,0.7220351132215527,-2.2738758732932665,0.18053197951169492,False,-2.8815716863917356,0.14110430651505235,False
SPY_ETF,AVAXUSDT,0.8472923204503413,-3.3099272323621856,0.014440516780123158,True,-3.698511628322435,0.01840628661984892,True
SPY_ETF,BNBUSDT,0.6546772311255645,-2.2969246799241643,0.17296174192378166,False,-2.69554600404227,0.20118467281510227,False
SPY_ETF,BTCUSDT,0.7253729278633312,-2.2556813479557327,0.1866600540113596,False,-2.7871201230055402,0.16981720347304075,False
SPY_ETF,DOGEUSDT,0.7574388853162967,-2.71484391021207,0.07150465859055691,False,-3.1260997552452463,0.08318006095110597,False
SPY_ETF,ETHUSDT,0.8624829848654049,-3.4282050126494004,0.010034129796390484,True,-3.7373670695307295,0.016394053198517507,True
SPY_ETF,SOLUSDT,0.7315069137788007,-2.932292348205034,0.0417196473250795,True,-3.031157426558481,0.10298384189446763,False
SPY_ETF,TRXUSDT,0.6674354868221554,-3.2338231230080097,0.018108464289224867,True,-2.974653676445817,0.11635390619332892,False
SPY_ETF,USDCUSDT,-0.47596083910697945,-3.941334418307436,0.001750853210271901,True,-2.9039672480251006,0.13483237287093314,False
SPY_ETF,XRPUSDT,0.5621561868791048,-1.0854713475032551,0.7208308519172082,False,-2.430213983713745,0.3106816867217578,False
TSLA,ADAUSDT,0.8433666190680853,-1.6935061428744542,0.43446137511216637,False,-1.9480943946271851,0.5554310414442102,False
TSLA,AVAXUSDT,0.7379098174156369,-1.7651005919036156,0.3979206904078924,False,-1.7441631882471174,0.6564262196143135,False
TSLA,BNBUSDT,0.8587271297361478,-3.1063779942827967,0.026084774767077556,True,-2.9820219497551532,0.11454094930736225,False
TSLA,BTCUSDT,0.9203339258328332,-2.3599625729678197,0.1533568963583209,False,-2.2819505077931193,0.3825930573827497,False
TSLA,DOGEUSDT,0.7847143716967537,-1.6871625832247696,0.4377385417111232,False,-1.504346875194595,0.7595214586896822,False
TSLA,ETHUSDT,0.8431862142650943,-2.127490151417387,0.23360528700812483,False,-1.9824757412299148,0.5376745641927567,False
TSLA,SOLUSDT,0.5488679604176115,-1.9334104780726296,0.31651062542327213,False,-1.2261665592977393,0.850915311041369,False
TSLA,TRXUSDT,0.7732032206689691,-3.475277253000915,0.008645196675536595,True,-2.9118116799332543,0.13268347521455331,False
TSLA,USDCUSDT,0.032039982939869996,-3.507261035177849,0.0078025617506546395,True,-1.3107418012262713,0.8264708081902725,False
TSLA,XRPUSDT,0.8739689151158978,-1.3753641236864862,0.5940282360256188,False,-1.949469157564192,0.5547236935650893,False
DAXEX_ETF,ADAUSDT,0.7109838547513843,-1.875954182921573,0.3434561820187695,False,-0.8310063908790039,0.93050547093719,False
DAXEX_ETF,AVAXUSDT,0.6139631762121689,-1.2128544541564092,0.6680417505479321,False,-0.025292343984001424,0.9852951583800934,False
DAXEX_ETF,BNBUSDT,0.851525941073965,-2.579167046963007,0.09737991116371009,False,-1.8985982268477244,0.580717668563426,False
DAXEX_ETF,BTCUSDT,0.6487254537256399,-2.510291466303406,0.11299033816942478,False,-1.2217057396022324,0.8521252254564271,False
DAXEX_ETF,DOGEUSDT,0.4323413778109561,-2.115263369862575,0.23842158054545082,False,-0.15894816607437617,0.9814409149427613,False
DAXEX_ETF,ETHUSDT,0.6120757823124384,-1.6876165527187221,0.4375038300705433,False,-0.2246166567711189,0.9790712090560076,False
DAXEX_ETF,SOLUSDT,0.12468060935216953,-1.9743586258906554,0.297927860123668,False,-0.18510140926376112,0.9805391350179578,False
DAXEX_ETF,TRXUSDT,0.7713330907054009,-1.783039848574362,0.38891385106000964,False,-0.9649386110934073,0.9092976666350906,False
DAXEX_ETF,USDCUSDT,0.27003615956906896,-3.948657810690557,0.0017045476507393195,True,-1.1561917466028142,0.8690019445264789,False
DAXEX_ETF,XRPUSDT,0.8896372434154202,-3.1837949083305923,0.02094206505160291,True,-2.784670774780936,0.170610875483592,False
CAC40_ETF,ADAUSDT,-0.3036297212906568,-1.4356823036350306,0.5650551359397924,False,-2.126644771068266,0.46244941843996684,False
CAC40_ETF,AVAXUSDT,-0.2810313257959337,-1.7321281089378804,0.4146397284187208,False,-2.302382954672073,0.3723643141530564,False
CAC40_ETF,BNBUSDT,-0.22588837630099334,-1.8106675520025866,0.37517855916435155,False,-2.2411303168889956,0.4032659404211764,False
CAC40_ETF,BTCUSDT,-0.3905328729345318,-1.4617776039991162,0.5523276274178234,False,-2.0759327440081403,0.48895176584761674,False
CAC40_ETF,DOGEUSDT,-0.28903138883008345,-2.0208860630284047,0.27749103439786893,False,-2.1988912553398583,0.42493534256290705,False
CAC40_ETF,ETHUSDT,-0.3655751803718692,-1.8701353565975558,0.34623812807856,False,-2.356290688953371,0.3458259525584476,False
CAC40_ETF,SOLUSDT,-0.0910743062857199,-1.9507806250190272,0.3085619607327313,False,-2.172031700651046,0.43882953458419516,False
CAC40_ETF,TRXUSDT,-0.24583944046435427,-1.5517046917121902,0.5077965695836281,False,-2.189655232226301,0.4297043358607153,False
CAC40_ETF,USDCUSDT,-0.2111177259655665,-3.4410333762309047,0.009637091191778488,True,-2.293907115000394,0.37659699184361195,False
CAC40_ETF,XRPUSDT,-0.18705609376173282,-0.1894813409332107,0.9397638544258266,False,-2.04237090884885,0.5064946694944448,False
EQQQ_ETF,ADAUSDT,0.787484529074386,-2.209930724714884,0.2026609403628759,False,-2.24942028147023,0.3990441053941083,False
EQQQ_ETF,AVAXUSDT,0.6210520256787356,-1.464502918355447,0.550992504150691,False,-1.5305869378420631,0.7492773861395943,False
EQQQ_ETF,BNBUSDT,0.8860597127856614,-3.8164036714658134,0.002743873052971386,True,-3.670508532914267,0.019987337194442602,True
EQQQ_ETF,BTCUSDT,0.8572751107830221,-3.1128628464298536,0.0256158090794115,True,-2.997041613311469,0.11091037538923754,False
EQQQ_ETF,DOGEUSDT,0.5967199724958102,-1.8951373149759116,0.33435211782002233,False,-1.503110943498481,0.759997226233912,False
EQQQ_ETF,ETHUSDT,0.7142179209918148,-1.893487548918932,0.3351309482216972,False,-1.6854707088517404,0.6835076496873512,False
EQQQ_ETF,SOLUSDT,0.24610441466877628,-2.0645647246428553,0.2589998618531243,False,-1.8498641071251025,0.6052006726470829,False
EQQQ_ETF,TRXUSDT,0.7206664553568554,-2.1696863564529583,0.21743089975872848,False,-2.1352230906291867,0.4579748374932544,False
EQQQ_ETF,USDCUSDT,0.29313119930784876,-3.822945444043286,0.002681087162075233,True,-2.4388813000983025,0.3066679010838834,False
EQQQ_ETF,XRPUSDT,0.8738123655673637,-2.833750843206124,0.05361208129194382,False,-3.25562218743162,0.061107946618785144,False
FTSE_ETF,ADAUSDT,0.6206560840956489,-1.9367533596225899,0.31497351618884384,False,-1.4162016826809027,0.7919058087837125,False
FTSE_ETF,AVAXUSDT,0.562320095623858,-1.4156414917562838,0.5747548453013777,False,-0.9351484610928025,0.9144728358408439,False
FTSE_ETF,BNBUSDT,0.43939117622111673,-1.8935990864744843,0.3350782681882788,False,-1.2141589042090601,0.8541543204822493,False
FTSE_ETF,BTCUSDT,0.39343705959466546,-2.1797128693840166,0.21369072841298303,False,-1.2184045633392848,0.8530155588346471,False
FTSE_ETF,DOGEUSDT,0.41346434626617673,-2.04463935322508,0.26734956728716,False,-0.9220518519391478,0.9166618714739754,False
FTSE_ETF,ETHUSDT,0.42416446707898836,-1.7159459216715625,0.4229159505310429,False,-0.8713262874483431,0.9246629746903248,False
FTSE_ETF,SOLUSDT,0.384934716042082,-2.4062629279402503,0.13997654061308074,False,-1.361372530365386,0.8104467477147643,False
FTSE_ETF,TRXUSDT,0.4659918935871902,-1.4961308491302996,0.535424476822122,False,-1.1495324069315036,0.8706253018457661,False
FTSE_ETF,USDCUSDT,-0.0842668519778579,-3.5672981488646722,0.006417887912877482,True,-0.8786811383516796,0.9235487798681026,False
FTSE_ETF,XRPUSDT,0.5815853520177582,-1.7811453737494374,0.38986184962540715,False,-1.72849914880778,0.6637581220668498,False
ADAUSDT,AVAXUSDT,0.9358509072774128,-1.8729566293102367,0.34488812775127126,False,-1.5961583587369803,0.7225087605582473,False
ADAUSDT,BNBUSDT,0.9014593048354876,-3.7755941336757863,0.0031671253139167886,True,-3.279561448972739,0.05759927793048738,False
ADAUSDT,BTCUSDT,0.9502761028375064,-2.7392875796685434,0.0674830228761144,False,-2.6671896563314603,0.21160046674947186,False
ADAUSDT,DOGEUSDT,0.9299720626205904,-2.1750242486964404,0.2154347505858774,False,-1.9943169271479353,0.5315309482557727,False
ADAUSDT,ETHUSDT,0.9410105801499846,-2.604705245907667,0.09202868312534374,False,-2.347407680366144,0.35015054521356315,False
ADAUSDT,SOLUSDT,0.7826755572908015,-1.951662643020891,0.30816090330965795,False,-1.583048448150399,0.7279915868607694,False
ADAUSDT,TRXUSDT,0.8706188267861198,-2.698672435250985,0.07426827759145879,False,-2.449851458326518,0.30162214894296335,False
ADAUSDT,USDCUSDT,-0.15555876607995045,-4.186147277719456,0.0006953940279895932,True,-1.2239188200805997,0.851525949705424,False
ADAUSDT,XRPUSDT,0.9178792226297963,-0.2524920091996566,0.9319685760221106,False,-0.9020387602616737,0.9199079658847695,False
AVAXUSDT,ADAUSDT,0.9358509072774128,-1.594883757562698,0.4861630506890537,False,-1.873904108878281,0.5931813019971082,False
AVAXUSDT,BNBUSDT,0.8527659163620466,-2.758369476025809,0.06447084367800493,False,-2.3168951567102862,0.365153238617725,False
AVAXUSDT,BTCUSDT,0.8623537023853529,-1.4286341867646137,0.568474176890574,False,-1.7020443073151375,0.675970301859809,False
AVAXUSDT,DOGEUSDT,0.8790099062155263,-1.8033573824379148,0.37879612503147564,False,-1.8971479426548565,0.5814527112791483,False
AVAXUSDT,ETHUSDT,0.9583970916766009,-3.222739558655342,0.01870558343237882,True,-3.215732099340194,0.06733604515458116,False
AVAXUSDT,SOLUSDT,0.7525093341197632,-1.374474327387099,0.5944504408488834,False,-1.2624162909403815,0.8407903147513054,False
AVAXUSDT,TRXUSDT,0.8762858348467286,-2.763456708460401,0.0636862867837894,False,-2.701878653743711,0.19890371827072573,False
AVAXUSDT,USDCUSDT,-0.27841708484168076,-4.317955397907084,0.00041346191195691163,True,-1.7968649954934144,0.6312436550368534,False
AVAXUSDT,XRPUSDT,0.8031423175176217,0.20542811712914338,0.9725644024389594,False,-1.0140626656156535,0.9001474930104554,False
BNBUSDT,ADAUSDT,0.9014593048354876,-3.2795038074829677,0.015819886052251195,True,-3.775562417325595,0.014606972772242032,True
BNBUSDT,AVAXUSDT,0.8527659163620466,-2.3167719411222554,0.16661572919729922,False,-2.7584072169425267,0.17927784034419997,False
BNBUSDT,BTCUSDT,0.8846044098034004,-2.9099612937239687,0.04420183644696938,True,-3.393159964649215,0.043115888512479175,True
BNBUSDT,DOGEUSDT,0.800365381312963,-1.9770692122140003,0.29671706140046405,False,-2.5456250966205576,0.2593260641632823,False
BNBUSDT,ETHUSDT,0.8978549995927574,-2.8144171407511296,0.05624371008873906,False,-3.1680720285572592,0.07543148035704947,False
BNBUSDT,SOLUSDT,0.6096946720430272,-1.342736879279919,0.6094005600666679,False,-2.056989459125831,0.49885639008962956,False
BNBUSDT,TRXUSDT,0.9335624323221642,-3.6563802657289024,0.004770260364772408,True,-4.0036752087607335,0.0070951314536140345,True
BNBUSDT,USDCUSDT,0.023680377831656982,-4.210555685994688,0.0006323093837954034,True,-2.196187856835145,0.42633021970644325,False
BNBUSDT,XRPUSDT,0.9190043716190478,-3.3808779711095673,0.01162827129229584,True,-4.05451610076687,0.005995159541210729,True
BTCUSDT,ADAUSDT,0.9502761028375063,-2.6672113006810028,0.0798860220746963,False,-2.7391641838902454,0.1858099727122009,False
BTCUSDT,AVAXUSDT,0.8623537023853529,-1.70156926485589,0.43030412631762627,False,-1.429363801129992,0.7872710390535764,False
BTCUSDT,BNBUSDT,0.8846044098034004,-3.39307186351212,0.011197330887872205,True,-2.9101066772532675,0.1331484345230055,False
BTCUSDT,DOGEUSDT,0.9549367009566034,-2.098754233800555,0.24501582533425964,False,-2.0054153517206066,0.5257619497827966,False
BTCUSDT,ETHUSDT,0.9340007600062858,-1.9022926485100853,0.33098334635352156,False,-1.677311025521045,0.6871854248108451,False
BTCUSDT,SOLUSDT,0.8283238324256854,-1.909958372963862,0.3273909774774223,False,-1.6181120021203494,0.7131848284446741,False
BTCUSDT,TRXUSDT,0.8222844478427374,-2.4083880608230386,0.13938292317179035,False,-2.1795752574016283,0.4349197633759354,False
BTCUSDT,USDCUSDT,-0.14111744510913726,-4.159844869753028,0.0007699696909861921,True,-1.2969267160458842,0.8306610751992884,False
BTCUSDT,XRPUSDT,0.8809601401613261,-1.2763440640721182,0.6399242580150606,False,-1.8538771707116668,0.6032025833707673,False
DOGEUSDT,ADAUSDT,0.9299720626205904,-1.994204007106605,0.2891202084089933,False,-2.1748924033838626,0.43734621025908943,False
DOGEUSDT,AVAXUSDT,0.8790099062155264,-1.8969698770327026,0.3334879161956242,False,-1.8033540224492957,0.628091517158083,False
DOGEUSDT,BNBUSDT,0.800365381312963,-2.5456351600027824,0.10476181891486958,False,-1.9770645438561747,0.5404777098730775,False
DOGEUSDT,BTCUSDT,0.9549367009566034,-2.004449549086234,0.28462554142415286,False,-2.099462494542734,0.47664815108706593,False
DOGEUSDT,ETHUSDT,0.9246004179068492,-2.251192881200925,0.1881924385892137,False,-2.121375325702405,0.4651998123619385,False
DOGEUSDT,SOLUSDT,0.9009507921187434,-2.4077019282435197,0.13957438600955685,False,-2.274398476690874,0.38639485393710105,False
DOGEUSDT,TRXUSDT,0.7555561068270954,-2.094620301019858,0.24668330077369244,False,-1.9404510116917166,0.5593592495728318,False
DOGEUSDT,USDCUSDT,-0.3366288564179728,-4.378634901543206,0.0003237698447169829,True,-1.850337409780741,0.6049651963198912,False
DOGEUSDT,XRPUSDT,0.7712458970763628,-0.12141353685082519,0.9472634511104479,False,-1.2062824479301604,0.8562482046294726,False
ETHUSDT,ADAUSDT,0.9410105801499846,-2.3470902772384705,0.1572296765500823,False,-2.6048526916571815,0.23487908669079982,False
ETHUSDT,AVAXUSDT,0.9583970916766008,-3.2156917308714346,0.019094158974366393,True,-3.222710775723259,0.06621121667289323,False
ETHUSDT,BNBUSDT,0.8978549995927574,-3.167984675353609,0.021914266709923618,True,-2.8145166287546797,0.16110949660786655,False
ETHUSDT,BTCUSDT,0.9340007600062858,-1.6765292046070144,0.44324409325375785,False,-1.9028296766374306,0.5785709806146738,False
ETHUSDT,DOGEUSDT,0.9246004179068491,-2.121299183245498,0.23603678310463633,False,-2.2512615340359377,0.39810794625051515,False
ETHUSDT,SOLUSDT,0.7893254454577816,-1.4829321130469373,0.5419370503942765,False,-1.4382997577369998,0.7840839764143182,False
ETHUSDT,TRXUSDT,0.8701055586046802,-2.8290610049068303,0.05424101775611446,False,-2.819465235948305,0.15956980596806758,False
ETHUSDT,USDCUSDT,-0.24452023347792526,-4.252628262954456,0.0005360312637820147,True,-1.8507463783571985,0.604761688551478,False
ETHUSDT,XRPUSDT,0.8215014894563031,-0.35430435523402737,0.9174533063367775,False,-1.3583469176708465,0.8114338777076776,False
SOLUSDT,ADAUSDT,0.7826755572908015,-1.5829610476577474,0.4921468441928124,False,-1.9518186678109641,0.5535142605095956,False
SOLUSDT,AVAXUSDT,0.7525093341197632,-1.261534191049717,0.6465816931370558,False,-1.3760151507347562,0.80561626701249,False
SOLUSDT,BNBUSDT,0.6096946720430271,-2.0570220968525823,0.2621434916480341,False,-1.3432281815641025,0.8163101098517989,False
SOLUSDT,BTCUSDT,0.8283238324256854,-1.6181626126433073,0.47369270037850236,False,-1.9101237290503401,0.5748634827082106,False
SOLUSDT,DOGEUSDT,0.9009507921187435,-2.2738008492325004,0.18055697264765952,False,-2.4086298750357926,0.32077862437496696,False
SOLUSDT,ETHUSDT,0.7893254454577816,-1.4378170934186911,0.5640179372900025,False,-1.48405420557644,0.7672556774234787,False
SOLUSDT,TRXUSDT,0.5648047503265425,-1.608746936627459,0.4791982943660638,False,-1.6061165989434372,0.7183013256870083,False
SOLUSDT,USDCUSDT,-0.43812897877990703,-4.56049051562373,0.00015265204097399758,True,-2.293932854072877,0.37658411544742204,False
SOLUSDT,XRPUSDT,0.5710139283145802,-0.7175834621461209,0.8421423034779132,False,-1.8613891672799125,0.5994532560857848,False
TRXUSDT,ADAUSDT,0.8706188267861197,-2.4497431972960295,0.12818590444365613,False,-2.6987502943822874,0.2000284548836604,False
TRXUSDT,AVAXUSDT,0.8762858348467285,-2.701755054587998,0.07373506003144906,False,-2.763638174449136,0.17752876366692583,False
TRXUSDT,BNBUSDT,0.9335624323221643,-4.003882905290207,0.0013903151421907588,True,-3.656295238426373,0.020834152431080756,True
TRXUSDT,BTCUSDT,0.8222844478427374,-2.1795490558716355,0.2137515147340287,False,-2.4085103705090556,0.3208349219627368,False
TRXUSDT,DOGEUSDT,0.7555561068270954,-1.940726402185859,0.3131512040290392,False,-2.094655426900338,0.47916126481064236,False
TRXUSDT,ETHUSDT,0.8701055586046802,-2.8196021407026888,0.05552783636378377,False,-2.8291146930836892,0.15659664638835902,False
TRXUSDT,SOLUSDT,0.5648047503265425,-1.60590320351014,0.4806274852409996,False,-1.6087971655787021,0.717162524253494,False
TRXUSDT,USDCUSDT,0.005986679877161772,-4.203489592489106,0.00064999535484648,True,-1.6525031408727981,0.6982292158011795,False
TRXUSDT,XRPUSDT,0.869709642489218,-1.5577278598574826,0.5047857992619138,False,-2.2276131777184864,0.4101730175798023,False
USDCUSDT,ADAUSDT,-0.15555876607995045,-1.2240433444779035,0.6631683111111729,False,-4.186266120966691,0.0038265289020871476,True
USDCUSDT,AVAXUSDT,-0.2784170848416808,-1.7972334031826134,0.38183609466278623,False,-4.31806531111507,0.002399268715411776,True
USDCUSDT,BNBUSDT,0.023680377831656982,-2.196284817473326,0.20759661607017382,False,-4.210663727046513,0.0035143893042047223,True
USDCUSDT,BTCUSDT,-0.14111744510913726,-1.2974754306281078,0.6303265142943195,False,-4.159965104789489,0.004191304484983141,True
USDCUSDT,DOGEUSDT,-0.33662885641797285,-1.8508916267711346,0.3555038412576206,False,-4.37875487799818,0.0019240139453717804,True
USDCUSDT,ETHUSDT,-0.24452023347792526,-1.850932188887093,0.3554842073825058,False,-4.25274051621135,0.0030304209326808495,True
USDCUSDT,SOLUSDT,-0.43812897877990703,-2.2937189844528882,0.17400172702205424,False,-4.560655122555066,0.0009718075528537756,True
USDCUSDT,TRXUSDT,0.005986679877161773,-1.6528899210449286,0.45553368424381774,False,-4.203598091291112,0.0036022938442500613,True
USDCUSDT,XRPUSDT,0.12183095596353333,-0.656609637983259,0.8576708619326006,False,-4.2740038188449665,0.0028099075742378395,True
XRPUSDT,ADAUSDT,0.9178792226297963,-0.90147643996269,0.7874858159445295,False,-0.25426486677512367,0.9778807147100012,False
XRPUSDT,AVAXUSDT,0.8031423175176218,-1.0126987390094497,0.7486045962875147,False,0.20022957761133506,0.9896109465131114,False
XRPUSDT,BNBUSDT,0.9190043716190478,-4.054126439122941,0.0011521563545526495,True,-3.3818009509484273,0.044412417936285704,True
XRPUSDT,BTCUSDT,0.880960140161326,-1.8539949569718621,0.35400293727093,False,-1.2766622918411696,0.8366672538800533,False
XRPUSDT,DOGEUSDT,0.7712458970763628,-1.206168435610728,0.6709365935965363,False,-0.12343414801239354,0.982582678085581,False
XRPUSDT,ETHUSDT,0.8215014894563031,-1.3577475525262057,0.6023566206266742,False,-0.3571935546343477,0.9730781562044382,False
XRPUSDT,SOLUSDT,0.5710139283145802,-1.8618163986527487,0.35023145872882966,False,-0.7181085288772926,0.9446488332053851,False
XRPUSDT,TRXUSDT,0.8697096424892181,-2.2268401555033193,0.19664862451199283,False,-1.5594749148413134,0.7376873115922291,False
XRPUSDT,USDCUSDT,0.12183095596353333,-4.273905734299061,0.0004927724345671139,True,-0.6567459244342041,0.9511073599036534,False
